first_name,last_name,email,is_active
Quintilla,Coopland,qcoopland0@admin.ch,false
Kennith,Uphill,kuphill1@instagram.com,true
Megan,Moston,mmoston2@reverbnation.com,false
Ritchie,Hedde,rhedde3@sfgate.com,false
Devon,Batt,dbatt4@google.com.au,true